-- phpMyAdmin SQL Dump
-- version 4.8.5
-- https://www.phpmyadmin.net/
--
-- Host: 127.0.0.1
-- Generation Time: Mar 14, 2020 at 08:38 PM
-- Server version: 10.1.38-MariaDB
-- PHP Version: 7.3.2

SET SQL_MODE = "NO_AUTO_VALUE_ON_ZERO";
SET AUTOCOMMIT = 0;
START TRANSACTION;
SET time_zone = "+00:00";


/*!40101 SET @OLD_CHARACTER_SET_CLIENT=@@CHARACTER_SET_CLIENT */;
/*!40101 SET @OLD_CHARACTER_SET_RESULTS=@@CHARACTER_SET_RESULTS */;
/*!40101 SET @OLD_COLLATION_CONNECTION=@@COLLATION_CONNECTION */;
/*!40101 SET NAMES utf8mb4 */;

--
-- Database: `handkerchief`
--

-- --------------------------------------------------------

--
-- Table structure for table `movie`
--

CREATE TABLE `movie` (
  `id` int(11) NOT NULL,
  `name` varchar(255) NOT NULL,
  `language` varchar(255) NOT NULL,
  `genre` varchar(255) NOT NULL,
  `certificate` varchar(255) NOT NULL,
  `release_date` varchar(255) NOT NULL,
  `runtime` int(11) NOT NULL,
  `poster` varchar(255) NOT NULL
) ENGINE=InnoDB DEFAULT CHARSET=latin1;

--
-- Dumping data for table `movie`
--

INSERT INTO `movie` (`id`, `name`, `language`, `genre`, `certificate`, `release_date`, `runtime`, `poster`) VALUES
(1, 'Mukkabaaz', 'Hindi', 'Action, Drama, Sport', 'U/A', '12th January 2018', 154, 'posters/Mukkabaaz.jpg'),
(2, 'Raazi', 'Hindi', 'Action, Drama, Thriller', 'U/A', '11th May 2018', 138, 'posters/Raazi.jpg'),
(3, 'Bhavesh Joshi Superhero', 'Hindi', 'Action, Drama', 'U/A', '1st June 2018', 154, 'posters/BhaveshJoshiSuperhero.jpg'),
(4, 'Manto', 'Hindi', 'Biography, Drama', 'U/A', '21st September 2018', 112, 'posters/Manto.jpg'),
(5, 'Andhadhun', 'Hindi', 'Crime, Thriller', 'U/A', '5th October 2018', 139, 'posters/Andhadhun.jpg');

-- --------------------------------------------------------

--
-- Table structure for table `movie_show`
--

CREATE TABLE `movie_show` (
  `id` int(11) NOT NULL,
  `date` date NOT NULL,
  `time` time NOT NULL,
  `screen_id` int(11) NOT NULL,
  `movie_id` int(11) NOT NULL
) ENGINE=InnoDB DEFAULT CHARSET=latin1;

--
-- Dumping data for table `movie_show`
--

INSERT INTO `movie_show` (`id`, `date`, `time`, `screen_id`, `movie_id`) VALUES
(31, '2018-10-05', '09:00:00', 1, 5),
(32, '2018-10-05', '11:45:00', 1, 4),
(33, '2018-10-05', '14:10:00', 1, 2),
(34, '2018-10-05', '17:00:00', 1, 1),
(35, '2018-10-05', '19:45:00', 1, 3),
(36, '2018-10-05', '22:15:00', 1, 5),
(37, '2018-10-05', '10:00:00', 2, 4),
(38, '2018-10-05', '12:15:00', 2, 3),
(39, '2018-10-05', '15:30:00', 2, 5),
(40, '2018-10-05', '18:15:00', 2, 2),
(41, '2018-10-05', '21:00:00', 2, 4),
(42, '2018-10-05', '23:15:00', 2, 5),
(43, '2018-10-05', '09:15:00', 3, 4),
(44, '2018-10-05', '12:30:00', 3, 3),
(45, '2018-10-05', '15:45:00', 3, 5),
(46, '2018-10-05', '18:30:00', 3, 2),
(47, '2018-10-05', '21:35:00', 3, 5),
(48, '2018-10-05', '23:55:00', 3, 3),
(49, '2018-10-05', '08:15:00', 4, 5),
(50, '2018-10-05', '10:55:00', 4, 4),
(51, '2018-10-05', '12:00:00', 4, 2),
(52, '2018-10-05', '14:50:00', 4, 1),
(53, '2018-10-05', '18:05:00', 4, 3),
(54, '2018-10-05', '20:50:00', 4, 5),
(55, '2018-10-05', '23:35:00', 4, 3),
(56, '2018-10-06', '09:00:00', 1, 5),
(57, '2018-10-06', '11:45:00', 1, 4),
(58, '2018-10-06', '14:10:00', 1, 2),
(59, '2018-10-06', '17:00:00', 1, 1),
(60, '2018-10-06', '19:45:00', 1, 3),
(61, '2018-10-06', '22:15:00', 1, 5),
(62, '2018-10-06', '23:15:00', 2, 5),
(63, '2018-10-06', '21:00:00', 2, 4),
(64, '2018-10-06', '18:15:00', 2, 2),
(65, '2018-10-06', '15:30:00', 2, 5),
(66, '2018-10-06', '12:15:00', 2, 3),
(67, '2018-10-06', '10:00:00', 2, 4),
(68, '2018-10-06', '23:55:00', 3, 3),
(69, '2018-10-06', '21:35:00', 3, 5),
(70, '2018-10-06', '18:30:00', 3, 2),
(71, '2018-10-06', '15:45:00', 3, 5),
(72, '2018-10-06', '12:30:00', 3, 3),
(73, '2018-10-06', '09:15:00', 3, 4),
(74, '2018-10-06', '20:50:00', 4, 5),
(75, '2018-10-06', '18:05:00', 4, 3),
(76, '2018-10-06', '14:50:00', 4, 1),
(77, '2018-10-06', '12:00:00', 4, 2),
(78, '2018-10-06', '10:55:00', 4, 4),
(79, '2018-10-06', '08:15:00', 4, 5),
(80, '2018-10-06', '23:35:00', 4, 3);

-- --------------------------------------------------------

--
-- Table structure for table `screen`
--

CREATE TABLE `screen` (
  `id` int(11) NOT NULL,
  `name` varchar(255) NOT NULL,
  `capacity` int(11) NOT NULL,
  `seat_map` longtext NOT NULL,
  `theatre_id` int(11) NOT NULL
) ENGINE=InnoDB DEFAULT CHARSET=latin1;

--
-- Dumping data for table `screen`
--

INSERT INTO `screen` (`id`, `name`, `capacity`, `seat_map`, `theatre_id`) VALUES
(1, 'Ashok Anil Screen 1', 120, '<div id=\'seatmap\' style=\"width: 675px; margin-left: auto; margin-right: auto;\">\r\n			<span class=\'section\' style=\'display: block; margin-left: auto; margin-right: auto; width: 140px;  margin-top: 20px;\'>Gold: Rs. 200</span>\r\n			<hr>\r\n			<table>	\r\n				<tr>\r\n					<td><div class=\'seat available\' data-class=\'Gold\' data-price=\'200\' onclick=\'clicked(this.id)\' id=\'A-1\'><span>A-1</span></div></td>\r\n					<td><div class=\'seat available\' data-class=\'Gold\' data-price=\'200\' onclick=\'clicked(this.id)\' id=\'A-2\'><span>A-2</span></div></td>\r\n					<td><div class=\'seat available\' data-class=\'Gold\' data-price=\'200\' onclick=\'clicked(this.id)\' id=\'A-3\'><span>A-3</span></div></td>\r\n					<td><div class=\'seat available\' data-class=\'Gold\' data-price=\'200\' onclick=\'clicked(this.id)\' id=\'A-4\'><span>A-4</span></div></td>\r\n					<td><div class=\'seat available\' data-class=\'Gold\' data-price=\'200\' onclick=\'clicked(this.id)\' id=\'A-5\'><span>A-5</span></div></td>\r\n					<td><div class=\'seat available\' data-class=\'Gold\' data-price=\'200\' onclick=\'clicked(this.id)\' id=\'A-6\'><span>A-6</span></div></td>\r\n					<td><div class=\'seat available\' data-class=\'Gold\' data-price=\'200\' onclick=\'clicked(this.id)\' id=\'A-7\'><span>A-7</span></div></td>\r\n					<td><div class=\'seat available\' data-class=\'Gold\' data-price=\'200\' onclick=\'clicked(this.id)\' id=\'A-8\'><span>A-8</span></div></td>\r\n					<td><div class=\'seat available\' data-class=\'Gold\' data-price=\'200\' onclick=\'clicked(this.id)\' id=\'A-9\'><span>A-9</span></div></td>\r\n					<td><div class=\'seat available\' data-class=\'Gold\' data-price=\'200\' onclick=\'clicked(this.id)\' id=\'A-10\'><span>A-10</span></div></td>\r\n					<td><div class=\'seat available\' data-class=\'Gold\' data-price=\'200\' onclick=\'clicked(this.id)\' id=\'A-11\'><span>A-11</span></div></td>\r\n					<td><div class=\'seat available\' data-class=\'Gold\' data-price=\'200\' onclick=\'clicked(this.id)\' id=\'A-12\'><span>A-12</span></div></td>\r\n				</tr>\r\n				<tr>\r\n					<td><div class=\'seat available\' data-class=\'Gold\' data-price=\'200\' onclick=\'clicked(this.id)\' id=\'B-1\'><span>B-1</span></div></td>\r\n					<td><div class=\'seat available\' data-class=\'Gold\' data-price=\'200\' onclick=\'clicked(this.id)\' id=\'B-2\'><span>B-2</span></div></td>\r\n					<td><div class=\'seat available\' data-class=\'Gold\' data-price=\'200\' onclick=\'clicked(this.id)\' id=\'B-3\'><span>B-3</span></div></td>\r\n					<td><div class=\'seat available\' data-class=\'Gold\' data-price=\'200\' onclick=\'clicked(this.id)\' id=\'B-4\'><span>B-4</span></div></td>\r\n					<td><div class=\'seat available\' data-class=\'Gold\' data-price=\'200\' onclick=\'clicked(this.id)\' id=\'B-5\'><span>B-5</span></div></td>\r\n					<td><div class=\'seat available\' data-class=\'Gold\' data-price=\'200\' onclick=\'clicked(this.id)\' id=\'B-6\'><span>B-6</span></div></td>\r\n					<td><div class=\'seat available\' data-class=\'Gold\' data-price=\'200\' onclick=\'clicked(this.id)\' id=\'B-7\'><span>B-7</span></div></td>\r\n					<td><div class=\'seat available\' data-class=\'Gold\' data-price=\'200\' onclick=\'clicked(this.id)\' id=\'B-8\'><span>B-8</span></div></td>\r\n					<td><div class=\'seat available\' data-class=\'Gold\' data-price=\'200\' onclick=\'clicked(this.id)\' id=\'B-9\'><span>B-9</span></div></td>\r\n					<td><div class=\'seat available\' data-class=\'Gold\' data-price=\'200\' onclick=\'clicked(this.id)\' id=\'B-10\'><span>B-10</span></div></td>\r\n					<td><div class=\'seat available\' data-class=\'Gold\' data-price=\'200\' onclick=\'clicked(this.id)\' id=\'B-11\'><span>B-11</span></div></td>\r\n					<td><div class=\'seat available\' data-class=\'Gold\' data-price=\'200\' onclick=\'clicked(this.id)\' id=\'B-12\'><span>B-12</span></div></td>\r\n				</tr>\r\n				<tr>\r\n					<td><div class=\'seat available\' data-class=\'Gold\' data-price=\'200\' onclick=\'clicked(this.id)\' id=\'C-1\'><span>C-1</span></div></td>\r\n					<td><div class=\'seat available\' data-class=\'Gold\' data-price=\'200\' onclick=\'clicked(this.id)\' id=\'C-2\'><span>C-2</span></div></td>\r\n					<td><div class=\'seat available\' data-class=\'Gold\' data-price=\'200\' onclick=\'clicked(this.id)\' id=\'C-3\'><span>C-3</span></div></td>\r\n					<td><div class=\'seat available\' data-class=\'Gold\' data-price=\'200\' onclick=\'clicked(this.id)\' id=\'C-4\'><span>C-4</span></div></td>\r\n					<td><div class=\'seat available\' data-class=\'Gold\' data-price=\'200\' onclick=\'clicked(this.id)\' id=\'C-5\'><span>C-5</span></div></td>\r\n					<td><div class=\'seat available\' data-class=\'Gold\' data-price=\'200\' onclick=\'clicked(this.id)\' id=\'C-6\'><span>C-6</span></div></td>\r\n					<td><div class=\'seat available\' data-class=\'Gold\' data-price=\'200\' onclick=\'clicked(this.id)\' id=\'C-7\'><span>C-7</span></div></td>\r\n					<td><div class=\'seat available\' data-class=\'Gold\' data-price=\'200\' onclick=\'clicked(this.id)\' id=\'C-8\'><span>C-8</span></div></td>\r\n					<td><div class=\'seat available\' data-class=\'Gold\' data-price=\'200\' onclick=\'clicked(this.id)\' id=\'C-9\'><span>C-9</span></div></td>\r\n					<td><div class=\'seat available\' data-class=\'Gold\' data-price=\'200\' onclick=\'clicked(this.id)\' id=\'C-10\'><span>C-10</span></div></td>\r\n					<td><div class=\'seat available\' data-class=\'Gold\' data-price=\'200\' onclick=\'clicked(this.id)\' id=\'C-11\'><span>C-11</span></div></td>\r\n					<td><div class=\'seat available\' data-class=\'Gold\' data-price=\'200\' onclick=\'clicked(this.id)\' id=\'C-12\'><span>C-12</span></div></td>\r\n				</tr>\r\n				<tr>\r\n					<td><div class=\'seat available\' data-class=\'Gold\' data-price=\'200\' onclick=\'clicked(this.id)\' id=\'D-1\'><span>D-1</span></div></td>\r\n					<td><div class=\'seat available\' data-class=\'Gold\' data-price=\'200\' onclick=\'clicked(this.id)\' id=\'D-2\'><span>D-2</span></div></td>\r\n					<td><div class=\'seat available\' data-class=\'Gold\' data-price=\'200\' onclick=\'clicked(this.id)\' id=\'D-3\'><span>D-3</span></div></td>\r\n					<td><div class=\'seat available\' data-class=\'Gold\' data-price=\'200\' onclick=\'clicked(this.id)\' id=\'D-4\'><span>D-4</span></div></td>\r\n					<td><div class=\'seat available\' data-class=\'Gold\' data-price=\'200\' onclick=\'clicked(this.id)\' id=\'D-5\'><span>D-5</span></div></td>\r\n					<td><div class=\'seat available\' data-class=\'Gold\' data-price=\'200\' onclick=\'clicked(this.id)\' id=\'D-6\'><span>D-6</span></div></td>\r\n					<td><div class=\'seat available\' data-class=\'Gold\' data-price=\'200\' onclick=\'clicked(this.id)\' id=\'D-7\'><span>D-7</span></div></td>\r\n					<td><div class=\'seat available\' data-class=\'Gold\' data-price=\'200\' onclick=\'clicked(this.id)\' id=\'D-8\'><span>D-8</span></div></td>\r\n					<td><div class=\'seat available\' data-class=\'Gold\' data-price=\'200\' onclick=\'clicked(this.id)\' id=\'D-9\'><span>D-9</span></div></td>\r\n					<td><div class=\'seat available\' data-class=\'Gold\' data-price=\'200\' onclick=\'clicked(this.id)\' id=\'D-10\'><span>D-10</span></div></td>\r\n					<td><div class=\'seat available\' data-class=\'Gold\' data-price=\'200\' onclick=\'clicked(this.id)\' id=\'D-11\'><span>D-11</span></div></td>\r\n					<td><div class=\'seat available\' data-class=\'Gold\' data-price=\'200\' onclick=\'clicked(this.id)\' id=\'D-12\'><span>D-12</span></div></td>\r\n				</tr>\r\n				<tr>\r\n					<td><div class=\'seat available\' data-class=\'Gold\' data-price=\'200\' onclick=\'clicked(this.id)\' id=\'E-1\'><span>E-1</span></div></td>\r\n					<td><div class=\'seat available\' data-class=\'Gold\' data-price=\'200\' onclick=\'clicked(this.id)\' id=\'E-2\'><span>E-2</span></div></td>\r\n					<td><div class=\'seat available\' data-class=\'Gold\' data-price=\'200\' onclick=\'clicked(this.id)\' id=\'E-3\'><span>E-3</span></div></td>\r\n					<td><div class=\'seat available\' data-class=\'Gold\' data-price=\'200\' onclick=\'clicked(this.id)\' id=\'E-4\'><span>E-4</span></div></td>\r\n					<td><div class=\'seat available\' data-class=\'Gold\' data-price=\'200\' onclick=\'clicked(this.id)\' id=\'E-5\'><span>E-5</span></div></td>\r\n					<td><div class=\'seat available\' data-class=\'Gold\' data-price=\'200\' onclick=\'clicked(this.id)\' id=\'E-6\'><span>E-6</span></div></td>\r\n					<td><div class=\'seat available\' data-class=\'Gold\' data-price=\'200\' onclick=\'clicked(this.id)\' id=\'E-7\'><span>E-7</span></div></td>\r\n					<td><div class=\'seat available\' data-class=\'Gold\' data-price=\'200\' onclick=\'clicked(this.id)\' id=\'E-8\'><span>E-8</span></div></td>\r\n					<td><div class=\'seat available\' data-class=\'Gold\' data-price=\'200\' onclick=\'clicked(this.id)\' id=\'E-9\'><span>E-9</span></div></td>\r\n					<td><div class=\'seat available\' data-class=\'Gold\' data-price=\'200\' onclick=\'clicked(this.id)\' id=\'E-10\'><span>E-10</span></div></td>\r\n					<td><div class=\'seat available\' data-class=\'Gold\' data-price=\'200\' onclick=\'clicked(this.id)\' id=\'E-11\'><span>E-11</span></div></td>\r\n					<td><div class=\'seat available\' data-class=\'Gold\' data-price=\'200\' onclick=\'clicked(this.id)\' id=\'E-12\'><span>E-12</span></div></td>\r\n				</tr>\r\n			</table>\r\n\r\n			<span class=\'section\' style=\'display: block; margin-left: auto; margin-right: auto; width: 140px; margin-top: 20px;\'>Silver: Rs. 180</span>\r\n			<hr>\r\n\r\n			<table>\r\n				<tr>\r\n					<td><div class=\'seat available\' data-class=\'Silver\' data-price=\'180\' onclick=\'clicked(this.id)\' id=\'F-1\'><span>F-1</span></div></td>\r\n					<td><div class=\'seat available\' data-class=\'Silver\' data-price=\'180\' onclick=\'clicked(this.id)\' id=\'F-2\'><span>F-2</span></div></td>\r\n					<td><div class=\'seat available\' data-class=\'Silver\' data-price=\'180\' onclick=\'clicked(this.id)\' id=\'F-3\'><span>F-3</span></div></td>\r\n					<td><div class=\'seat available\' data-class=\'Silver\' data-price=\'180\' onclick=\'clicked(this.id)\' id=\'F-4\'><span>F-4</span></div></td>\r\n					<td><div class=\'seat available\' data-class=\'Silver\' data-price=\'180\' onclick=\'clicked(this.id)\' id=\'F-5\'><span>F-5</span></div></td>\r\n					<td><div class=\'seat available\' data-class=\'Silver\' data-price=\'180\' onclick=\'clicked(this.id)\' id=\'F-6\'><span>F-6</span></div></td>\r\n					<td><div class=\'seat available\' data-class=\'Silver\' data-price=\'180\' onclick=\'clicked(this.id)\' id=\'F-7\'><span>F-7</span></div></td>\r\n					<td><div class=\'seat available\' data-class=\'Silver\' data-price=\'180\' onclick=\'clicked(this.id)\' id=\'F-8\'><span>F-8</span></div></td>\r\n					<td><div class=\'seat available\' data-class=\'Silver\' data-price=\'180\' onclick=\'clicked(this.id)\' id=\'F-9\'><span>F-9</span></div></td>\r\n					<td><div class=\'seat available\' data-class=\'Silver\' data-price=\'180\' onclick=\'clicked(this.id)\' id=\'F-10\'><span>F-10</span></div></td>\r\n					<td><div class=\'seat available\' data-class=\'Silver\' data-price=\'180\' onclick=\'clicked(this.id)\' id=\'F-11\'><span>F-11</span></div></td>\r\n					<td><div class=\'seat available\' data-class=\'Silver\' data-price=\'180\' onclick=\'clicked(this.id)\' id=\'F-12\'><span>F-12</span></div></td>\r\n					\r\n				</tr>\r\n				<tr>\r\n					<td><div class=\'seat available\' data-class=\'Silver\' data-price=\'180\' onclick=\'clicked(this.id)\' id=\'G-1\'><span>G-1</span></div></td>\r\n					<td><div class=\'seat available\' data-class=\'Silver\' data-price=\'180\' onclick=\'clicked(this.id)\' id=\'G-2\'><span>G-2</span></div></td>\r\n					<td><div class=\'seat available\' data-class=\'Silver\' data-price=\'180\' onclick=\'clicked(this.id)\' id=\'G-3\'><span>G-3</span></div></td>\r\n					<td><div class=\'seat available\' data-class=\'Silver\' data-price=\'180\' onclick=\'clicked(this.id)\' id=\'G-4\'><span>G-4</span></div></td>\r\n					<td><div class=\'seat available\' data-class=\'Silver\' data-price=\'180\' onclick=\'clicked(this.id)\' id=\'G-5\'><span>G-5</span></div></td>\r\n					<td><div class=\'seat available\' data-class=\'Silver\' data-price=\'180\' onclick=\'clicked(this.id)\' id=\'G-6\'><span>G-6</span></div></td>\r\n					<td><div class=\'seat available\' data-class=\'Silver\' data-price=\'180\' onclick=\'clicked(this.id)\' id=\'G-7\'><span>G-7</span></div></td>\r\n					<td><div class=\'seat available\' data-class=\'Silver\' data-price=\'180\' onclick=\'clicked(this.id)\' id=\'G-8\'><span>G-8</span></div></td>\r\n					<td><div class=\'seat available\' data-class=\'Silver\' data-price=\'180\' onclick=\'clicked(this.id)\' id=\'G-9\'><span>G-9</span></div></td>\r\n					<td><div class=\'seat available\' data-class=\'Silver\' data-price=\'180\' onclick=\'clicked(this.id)\' id=\'G-10\'><span>G-10</span></div></td>\r\n					<td><div class=\'seat available\' data-class=\'Silver\' data-price=\'180\' onclick=\'clicked(this.id)\' id=\'G-11\'><span>G-11</span></div></td>\r\n					<td><div class=\'seat available\' data-class=\'Silver\' data-price=\'180\' onclick=\'clicked(this.id)\' id=\'G-12\'><span>G-12</span></div></td>\r\n					\r\n				</tr>\r\n				<tr>\r\n					<td><div class=\'seat available\' data-class=\'Silver\' data-price=\'180\' onclick=\'clicked(this.id)\' id=\'H-1\'><span>H-1</span></div></td>\r\n					<td><div class=\'seat available\' data-class=\'Silver\' data-price=\'180\' onclick=\'clicked(this.id)\' id=\'H-2\'><span>H-2</span></div></td>\r\n					<td><div class=\'seat available\' data-class=\'Silver\' data-price=\'180\' onclick=\'clicked(this.id)\' id=\'H-3\'><span>H-3</span></div></td>\r\n					<td><div class=\'seat available\' data-class=\'Silver\' data-price=\'180\' onclick=\'clicked(this.id)\' id=\'H-4\'><span>H-4</span></div></td>\r\n					<td><div class=\'seat available\' data-class=\'Silver\' data-price=\'180\' onclick=\'clicked(this.id)\' id=\'H-5\'><span>H-5</span></div></td>\r\n					<td><div class=\'seat available\' data-class=\'Silver\' data-price=\'180\' onclick=\'clicked(this.id)\' id=\'H-6\'><span>H-6</span></div></td>\r\n					<td><div class=\'seat available\' data-class=\'Silver\' data-price=\'180\' onclick=\'clicked(this.id)\' id=\'H-7\'><span>H-7</span></div></td>\r\n					<td><div class=\'seat available\' data-class=\'Silver\' data-price=\'180\' onclick=\'clicked(this.id)\' id=\'H-8\'><span>H-8</span></div></td>\r\n					<td><div class=\'seat available\' data-class=\'Silver\' data-price=\'180\' onclick=\'clicked(this.id)\' id=\'H-9\'><span>H-9</span></div></td>\r\n					<td><div class=\'seat available\' data-class=\'Silver\' data-price=\'180\' onclick=\'clicked(this.id)\' id=\'H-10\'><span>H-10</span></div></td>\r\n					<td><div class=\'seat available\' data-class=\'Silver\' data-price=\'180\' onclick=\'clicked(this.id)\' id=\'H-11\'><span>H-11</span></div></td>\r\n					<td><div class=\'seat available\' data-class=\'Silver\' data-price=\'180\' onclick=\'clicked(this.id)\' id=\'H-12\'><span>H-12</span></div></td>\r\n					\r\n				</tr>\r\n				<tr>\r\n					<td><div class=\'seat available\' data-class=\'Silver\' data-price=\'180\' onclick=\'clicked(this.id)\' id=\'I-1\'><span>I-1</span></div></td>\r\n					<td><div class=\'seat available\' data-class=\'Silver\' data-price=\'180\' onclick=\'clicked(this.id)\' id=\'I-2\'><span>I-2</span></div></td>\r\n					<td><div class=\'seat available\' data-class=\'Silver\' data-price=\'180\' onclick=\'clicked(this.id)\' id=\'I-3\'><span>I-3</span></div></td>\r\n					<td><div class=\'seat available\' data-class=\'Silver\' data-price=\'180\' onclick=\'clicked(this.id)\' id=\'I-4\'><span>I-4</span></div></td>\r\n					<td><div class=\'seat available\' data-class=\'Silver\' data-price=\'180\' onclick=\'clicked(this.id)\' id=\'I-5\'><span>I-5</span></div></td>\r\n					<td><div class=\'seat available\' data-class=\'Silver\' data-price=\'180\' onclick=\'clicked(this.id)\' id=\'I-6\'><span>I-6</span></div></td>\r\n					<td><div class=\'seat available\' data-class=\'Silver\' data-price=\'180\' onclick=\'clicked(this.id)\' id=\'I-7\'><span>I-7</span></div></td>\r\n					<td><div class=\'seat available\' data-class=\'Silver\' data-price=\'180\' onclick=\'clicked(this.id)\' id=\'I-8\'><span>I-8</span></div></td>\r\n					<td><div class=\'seat available\' data-class=\'Silver\' data-price=\'180\' onclick=\'clicked(this.id)\' id=\'I-9\'><span>I-9</span></div></td>\r\n					<td><div class=\'seat available\' data-class=\'Silver\' data-price=\'180\' onclick=\'clicked(this.id)\' id=\'I-10\'><span>I-10</span></div></td>\r\n					<td><div class=\'seat available\' data-class=\'Silver\' data-price=\'180\' onclick=\'clicked(this.id)\' id=\'I-11\'><span>I-11</span></div></td>\r\n					<td><div class=\'seat available\' data-class=\'Silver\' data-price=\'180\' onclick=\'clicked(this.id)\' id=\'I-12\'><span>I-12</span></div></td>\r\n					\r\n				</tr>\r\n				<tr>\r\n					<td><div class=\'seat available\' data-class=\'Silver\' data-price=\'180\' onclick=\'clicked(this.id)\' id=\'J-1\'><span>J-1</span></div></td>\r\n					<td><div class=\'seat available\' data-class=\'Silver\' data-price=\'180\' onclick=\'clicked(this.id)\' id=\'J-2\'><span>J-2</span></div></td>\r\n					<td><div class=\'seat available\' data-class=\'Silver\' data-price=\'180\' onclick=\'clicked(this.id)\' id=\'J-3\'><span>J-3</span></div></td>\r\n					<td><div class=\'seat available\' data-class=\'Silver\' data-price=\'180\' onclick=\'clicked(this.id)\' id=\'J-4\'><span>J-4</span></div></td>\r\n					<td><div class=\'seat available\' data-class=\'Silver\' data-price=\'180\' onclick=\'clicked(this.id)\' id=\'J-5\'><span>J-5</span></div></td>\r\n					<td><div class=\'seat available\' data-class=\'Silver\' data-price=\'180\' onclick=\'clicked(this.id)\' id=\'J-6\'><span>J-6</span></div></td>\r\n					<td><div class=\'seat available\' data-class=\'Silver\' data-price=\'180\' onclick=\'clicked(this.id)\' id=\'J-7\'><span>J-7</span></div></td>\r\n					<td><div class=\'seat available\' data-class=\'Silver\' data-price=\'180\' onclick=\'clicked(this.id)\' id=\'J-8\'><span>J-8</span></div></td>\r\n					<td><div class=\'seat available\' data-class=\'Silver\' data-price=\'180\' onclick=\'clicked(this.id)\' id=\'J-9\'><span>J-9</span></div></td>\r\n					<td><div class=\'seat available\' data-class=\'Silver\' data-price=\'180\' onclick=\'clicked(this.id)\' id=\'J-10\'><span>J-10</span></div></td>\r\n					<td><div class=\'seat available\' data-class=\'Silver\' data-price=\'180\' onclick=\'clicked(this.id)\' id=\'J-11\'><span>J-11</span></div></td>\r\n					<td><div class=\'seat available\' data-class=\'Silver\' data-price=\'180\' onclick=\'clicked(this.id)\' id=\'J-12\'><span>J-12</span></div></td>\r\n				</tr>\r\n			</table>\r\n\r\n			<hr size=6 noshade style=\"margin-top: 50px\">\r\n			<span style=\'font-size: 20px; font-family: Verdana; display: block; margin-left: auto; margin-right: auto; width: 200px;\'>Screen this way</span>\r\n\r\n</div>', 1),
(2, 'Ashok Anil Screen 2', 23, '<div id=\'seatmap\' style=\"width: 900px; margin-left: auto; margin-right: auto;\">\r\n			<span class=\'section\' style=\'display: block; margin-left: auto; margin-right: auto; width: 140px;  margin-top: 20px;\'>Platinum: Rs. 200</span>\r\n			<hr>\r\n			<table>	\r\n				<tr>\r\n					<td><div class=\'seat available\' data-class=\'platinum\' data-price=\'200\' onclick=\'clicked(this.id)\' id=\'A-1\'><span>A-1</span></div></td>\r\n					<td><div class=\'seat available\' data-class=\'platinum\' data-price=\'200\' onclick=\'clicked(this.id)\' id=\'A-2\'><span>A-2</span></div></td>\r\n					<td><div class=\'seat available\' data-class=\'platinum\' data-price=\'200\' onclick=\'clicked(this.id)\' id=\'A-3\'><span>A-3</span></div></td>\r\n					<td><div class=\'seat available\' data-class=\'platinum\' data-price=\'200\' onclick=\'clicked(this.id)\' id=\'A-4\'><span>A-4</span></div></td>\r\n					<td><div class=\'space\'></div></td>\r\n					<td><div class=\'space\'></div></td>\r\n					<td><div class=\'space\'></div></td>\r\n					<td><div class=\'space\'></div></td>\r\n					<td><div class=\'space\'></div></td>\r\n					<td><div class=\'space\'></div></td>\r\n					<td><div class=\'space\'></div></td>\r\n					<td><div class=\'space\'></div></td>\r\n					<td><div class=\'space\'></div></td>\r\n					<td><div class=\'seat available\' data-class=\'platinum\' data-price=\'200\' onclick=\'clicked(this.id)\' id=\'A-5\'><span>A-5</span></div></td>\r\n					<td><div class=\'seat available\' data-class=\'platinum\' data-price=\'200\' onclick=\'clicked(this.id)\' id=\'A-6\'><span>A-6</span></div></td>\r\n					<td><div class=\'seat available\' data-class=\'platinum\' data-price=\'200\' onclick=\'clicked(this.id)\' id=\'A-7\'><span>A-7</span></div></td>\r\n				</tr>\r\n				<tr>\r\n					<td><div class=\'seat available\' data-class=\'platinum\' data-price=\'200\' onclick=\'clicked(this.id)\' id=\'B-1\'><span>B-1</span></div></td>\r\n					<td><div class=\'seat available\' data-class=\'platinum\' data-price=\'200\' onclick=\'clicked(this.id)\' id=\'B-2\'><span>B-2</span></div></td>\r\n					<td><div class=\'seat available\' data-class=\'platinum\' data-price=\'200\' onclick=\'clicked(this.id)\' id=\'B-3\'><span>B-3</span></div></td>\r\n					<td><div class=\'seat available\' data-class=\'platinum\' data-price=\'200\' onclick=\'clicked(this.id)\' id=\'B-4\'><span>B-4</span></div></td>\r\n					<td><div class=\'space\'></div></td>\r\n					<td><div class=\'space\'></div></td>\r\n					<td><div class=\'space\'></div></td>\r\n					<td><div class=\'space\'></div></td>\r\n					<td><div class=\'space\'></div></td>\r\n					<td><div class=\'space\'></div></td>\r\n					<td><div class=\'space\'></div></td>\r\n					<td><div class=\'space\'></div></td>\r\n					<td><div class=\'seat available\' data-class=\'platinum\' data-price=\'200\' onclick=\'clicked(this.id)\' id=\'B-5\'><span>B-5</span></div></td>\r\n					<td><div class=\'seat available\' data-class=\'platinum\' data-price=\'200\' onclick=\'clicked(this.id)\' id=\'B-6\'><span>B-6</span></div></td>\r\n					<td><div class=\'seat available\' data-class=\'platinum\' data-price=\'200\' onclick=\'clicked(this.id)\' id=\'B-7\'><span>B-7</span></div></td>\r\n					<td><div class=\'seat available\' data-class=\'platinum\' data-price=\'200\' onclick=\'clicked(this.id)\' id=\'B-8\'><span>B-8</span></div></td>\r\n				</tr>\r\n				<tr>\r\n					<td><div class=\'seat available\' data-class=\'platinum\' data-price=\'200\' onclick=\'clicked(this.id)\' id=\'C-1\'><span>C-1</span></div></td>\r\n					<td><div class=\'seat available\' data-class=\'platinum\' data-price=\'200\' onclick=\'clicked(this.id)\' id=\'C-2\'><span>C-2</span></div></td>\r\n					<td><div class=\'seat available\' data-class=\'platinum\' data-price=\'200\' onclick=\'clicked(this.id)\' id=\'C-3\'><span>C-3</span></div></td>\r\n					<td><div class=\'seat available\' data-class=\'platinum\' data-price=\'200\' onclick=\'clicked(this.id)\' id=\'C-4\'><span>C-4</span></div></td>\r\n					<td><div class=\'seat available\' data-class=\'platinum\' data-price=\'200\' onclick=\'clicked(this.id)\' id=\'C-5\'><span>C-5</span></div></td>\r\n					<td><div class=\'seat available\' data-class=\'platinum\' data-price=\'200\' onclick=\'clicked(this.id)\' id=\'C-6\'><span>C-6</span></div></td>\r\n					<td><div class=\'seat available\' data-class=\'platinum\' data-price=\'200\' onclick=\'clicked(this.id)\' id=\'C-7\'><span>C-7</span></div></td>\r\n					<td><div class=\'seat available\' data-class=\'platinum\' data-price=\'200\' onclick=\'clicked(this.id)\' id=\'C-8\'><span>C-8</span></div></td>\r\n					<td><div class=\'seat available\' data-class=\'platinum\' data-price=\'200\' onclick=\'clicked(this.id)\' id=\'C-9\'><span>C-9</span></div></td>\r\n					<td><div class=\'seat available\' data-class=\'platinum\' data-price=\'200\' onclick=\'clicked(this.id)\' id=\'C-10\'><span>C-10</span></div></td>\r\n					<td><div class=\'seat available\' data-class=\'platinum\' data-price=\'200\' onclick=\'clicked(this.id)\' id=\'C-11\'><span>C-11</span></div></td>\r\n					<td><div class=\'seat available\' data-class=\'platinum\' data-price=\'200\' onclick=\'clicked(this.id)\' id=\'C-12\'><span>C-12</span></div></td>\r\n					<td><div class=\'seat available\' data-class=\'platinum\' data-price=\'200\' onclick=\'clicked(this.id)\' id=\'C-13\'><span>C-13</span></div></td>\r\n					<td><div class=\'seat available\' data-class=\'platinum\' data-price=\'200\' onclick=\'clicked(this.id)\' id=\'C-14\'><span>C-14</span></div></td>\r\n					<td><div class=\'seat available\' data-class=\'platinum\' data-price=\'200\' onclick=\'clicked(this.id)\' id=\'C-15\'><span>C-15</span></div></td>\r\n					<td><div class=\'seat available\' data-class=\'platinum\' data-price=\'200\' onclick=\'clicked(this.id)\' id=\'C-16\'><span>C-16</span></div></td>\r\n				</tr>\r\n				<tr>\r\n					<td><div class=\'seat available\' data-class=\'platinum\' data-price=\'200\' onclick=\'clicked(this.id)\' id=\'D-1\'><span>D-1</span></div></td>\r\n					<td><div class=\'seat available\' data-class=\'platinum\' data-price=\'200\' onclick=\'clicked(this.id)\' id=\'D-2\'><span>D-2</span></div></td>\r\n					<td><div class=\'seat available\' data-class=\'platinum\' data-price=\'200\' onclick=\'clicked(this.id)\' id=\'D-3\'><span>D-3</span></div></td>\r\n					<td><div class=\'seat available\' data-class=\'platinum\' data-price=\'200\' onclick=\'clicked(this.id)\' id=\'D-4\'><span>D-4</span></div></td>\r\n					<td><div class=\'seat available\' data-class=\'platinum\' data-price=\'200\' onclick=\'clicked(this.id)\' id=\'D-5\'><span>D-5</span></div></td>\r\n					<td><div class=\'seat available\' data-class=\'platinum\' data-price=\'200\' onclick=\'clicked(this.id)\' id=\'D-6\'><span>D-6</span></div></td>\r\n					<td><div class=\'seat available\' data-class=\'platinum\' data-price=\'200\' onclick=\'clicked(this.id)\' id=\'D-7\'><span>D-7</span></div></td>\r\n					<td><div class=\'seat available\' data-class=\'platinum\' data-price=\'200\' onclick=\'clicked(this.id)\' id=\'D-8\'><span>D-8</span></div></td>\r\n					<td><div class=\'seat available\' data-class=\'platinum\' data-price=\'200\' onclick=\'clicked(this.id)\' id=\'D-9\'><span>D-9</span></div></td>\r\n					<td><div class=\'seat available\' data-class=\'platinum\' data-price=\'200\' onclick=\'clicked(this.id)\' id=\'D-10\'><span>D-10</span></div></td>\r\n					<td><div class=\'seat available\' data-class=\'platinum\' data-price=\'200\' onclick=\'clicked(this.id)\' id=\'D-11\'><span>D-11</span></div></td>\r\n					<td><div class=\'seat available\' data-class=\'platinum\' data-price=\'200\' onclick=\'clicked(this.id)\' id=\'D-12\'><span>D-12</span></div></td>\r\n					<td><div class=\'seat available\' data-class=\'platinum\' data-price=\'200\' onclick=\'clicked(this.id)\' id=\'D-13\'><span>D-13</span></div></td>\r\n					<td><div class=\'seat available\' data-class=\'platinum\' data-price=\'200\' onclick=\'clicked(this.id)\' id=\'D-14\'><span>D-14</span></div></td>\r\n					<td><div class=\'seat available\' data-class=\'platinum\' data-price=\'200\' onclick=\'clicked(this.id)\' id=\'D-15\'><span>D-15</span></div></td>\r\n					<td><div class=\'seat available\' data-class=\'platinum\' data-price=\'200\' onclick=\'clicked(this.id)\' id=\'D-16\'><span>D-16</span></div></td>\r\n				</tr>\r\n				<tr>\r\n					<td><div class=\'seat available\' data-class=\'platinum\' data-price=\'200\' onclick=\'clicked(this.id)\' id=\'E-1\'><span>E-1</span></div></td>\r\n					<td><div class=\'seat available\' data-class=\'platinum\' data-price=\'200\' onclick=\'clicked(this.id)\' id=\'E-2\'><span>E-2</span></div></td>\r\n					<td><div class=\'seat available\' data-class=\'platinum\' data-price=\'200\' onclick=\'clicked(this.id)\' id=\'E-3\'><span>E-3</span></div></td>\r\n					<td><div class=\'seat available\' data-class=\'platinum\' data-price=\'200\' onclick=\'clicked(this.id)\' id=\'E-4\'><span>E-4</span></div></td>\r\n					<td><div class=\'seat available\' data-class=\'platinum\' data-price=\'200\' onclick=\'clicked(this.id)\' id=\'E-5\'><span>E-5</span></div></td>\r\n					<td><div class=\'seat available\' data-class=\'platinum\' data-price=\'200\' onclick=\'clicked(this.id)\' id=\'E-6\'><span>E-6</span></div></td>\r\n					<td><div class=\'seat available\' data-class=\'platinum\' data-price=\'200\' onclick=\'clicked(this.id)\' id=\'E-7\'><span>E-7</span></div></td>\r\n					<td><div class=\'seat available\' data-class=\'platinum\' data-price=\'200\' onclick=\'clicked(this.id)\' id=\'E-8\'><span>E-8</span></div></td>\r\n					<td><div class=\'seat available\' data-class=\'platinum\' data-price=\'200\' onclick=\'clicked(this.id)\' id=\'E-9\'><span>E-9</span></div></td>\r\n					<td><div class=\'seat available\' data-class=\'platinum\' data-price=\'200\' onclick=\'clicked(this.id)\' id=\'E-10\'><span>E-10</span></div></td>\r\n					<td><div class=\'seat available\' data-class=\'platinum\' data-price=\'200\' onclick=\'clicked(this.id)\' id=\'E-11\'><span>E-11</span></div></td>\r\n					<td><div class=\'seat available\' data-class=\'platinum\' data-price=\'200\' onclick=\'clicked(this.id)\' id=\'E-12\'><span>E-12</span></div></td>\r\n					<td><div class=\'seat available\' data-class=\'platinum\' data-price=\'200\' onclick=\'clicked(this.id)\' id=\'E-13\'><span>E-13</span></div></td>\r\n					<td><div class=\'seat available\' data-class=\'platinum\' data-price=\'200\' onclick=\'clicked(this.id)\' id=\'E-14\'><span>E-14</span></div></td>\r\n					<td><div class=\'seat available\' data-class=\'platinum\' data-price=\'200\' onclick=\'clicked(this.id)\' id=\'E-15\'><span>E-15</span></div></td>\r\n					<td><div class=\'seat available\' data-class=\'platinum\' data-price=\'200\' onclick=\'clicked(this.id)\' id=\'E-16\'><span>E-16</span></div></td>\r\n				</tr>\r\n			</table>\r\n\r\n			<span class=\'section\' style=\'display: block; margin-left: auto; margin-right: auto; width: 140px; margin-top: 20px;\'>Gold: Rs. 180</span>\r\n			<hr>\r\n\r\n			<table>\r\n				<tr>\r\n					<td><div class=\'seat available\' data-class=\'gold\' data-price=\'180\' onclick=\'clicked(this.id)\' id=\'F-1\'><span>F-1</span></div></td>\r\n					<td><div class=\'seat available\' data-class=\'gold\' data-price=\'180\' onclick=\'clicked(this.id)\' id=\'F-2\'><span>F-2</span></div></td>\r\n					<td><div class=\'seat available\' data-class=\'gold\' data-price=\'180\' onclick=\'clicked(this.id)\' id=\'F-3\'><span>F-3</span></div></td>\r\n					<td><div class=\'seat available\' data-class=\'gold\' data-price=\'180\' onclick=\'clicked(this.id)\' id=\'F-4\'><span>F-4</span></div></td>\r\n					<td><div class=\'seat available\' data-class=\'gold\' data-price=\'180\' onclick=\'clicked(this.id)\' id=\'F-5\'><span>F-5</span></div></td>\r\n					<td><div class=\'seat available\' data-class=\'gold\' data-price=\'180\' onclick=\'clicked(this.id)\' id=\'F-6\'><span>F-6</span></div></td>\r\n					<td><div class=\'seat available\' data-class=\'gold\' data-price=\'180\' onclick=\'clicked(this.id)\' id=\'F-7\'><span>F-7</span></div></td>\r\n					<td><div class=\'seat available\' data-class=\'gold\' data-price=\'180\' onclick=\'clicked(this.id)\' id=\'F-8\'><span>F-8</span></div></td>\r\n					<td><div class=\'seat available\' data-class=\'gold\' data-price=\'180\' onclick=\'clicked(this.id)\' id=\'F-9\'><span>F-9</span></div></td>\r\n					<td><div class=\'seat available\' data-class=\'gold\' data-price=\'180\' onclick=\'clicked(this.id)\' id=\'F-10\'><span>F-10</span></div></td>\r\n					<td><div class=\'seat available\' data-class=\'gold\' data-price=\'180\' onclick=\'clicked(this.id)\' id=\'F-11\'><span>F-11</span></div></td>\r\n					<td><div class=\'seat available\' data-class=\'gold\' data-price=\'180\' onclick=\'clicked(this.id)\' id=\'F-12\'><span>F-12</span></div></td>\r\n					<td><div class=\'seat available\' data-class=\'gold\' data-price=\'180\' onclick=\'clicked(this.id)\' id=\'F-13\'><span>F-13</span></div></td>\r\n					<td><div class=\'seat available\' data-class=\'gold\' data-price=\'180\' onclick=\'clicked(this.id)\' id=\'F-14\'><span>F-14</span></div></td>\r\n					<td><div class=\'seat available\' data-class=\'gold\' data-price=\'180\' onclick=\'clicked(this.id)\' id=\'F-15\'><span>F-15</span></div></td>\r\n					<td><div class=\'seat available\' data-class=\'gold\' data-price=\'180\' onclick=\'clicked(this.id)\' id=\'F-16\'><span>F-16</span></div></td>\r\n				</tr>\r\n				<tr>\r\n					<td><div class=\'seat available\' data-class=\'gold\' data-price=\'180\' onclick=\'clicked(this.id)\' id=\'G-1\'><span>G-1</span></div></td>\r\n					<td><div class=\'seat available\' data-class=\'gold\' data-price=\'180\' onclick=\'clicked(this.id)\' id=\'G-2\'><span>G-2</span></div></td>\r\n					<td><div class=\'seat available\' data-class=\'gold\' data-price=\'180\' onclick=\'clicked(this.id)\' id=\'G-3\'><span>G-3</span></div></td>\r\n					<td><div class=\'seat available\' data-class=\'gold\' data-price=\'180\' onclick=\'clicked(this.id)\' id=\'G-4\'><span>G-4</span></div></td>\r\n					<td><div class=\'seat available\' data-class=\'gold\' data-price=\'180\' onclick=\'clicked(this.id)\' id=\'G-5\'><span>G-5</span></div></td>\r\n					<td><div class=\'seat available\' data-class=\'gold\' data-price=\'180\' onclick=\'clicked(this.id)\' id=\'G-6\'><span>G-6</span></div></td>\r\n					<td><div class=\'seat available\' data-class=\'gold\' data-price=\'180\' onclick=\'clicked(this.id)\' id=\'G-7\'><span>G-7</span></div></td>\r\n					<td><div class=\'seat available\' data-class=\'gold\' data-price=\'180\' onclick=\'clicked(this.id)\' id=\'G-8\'><span>G-8</span></div></td>\r\n					<td><div class=\'seat available\' data-class=\'gold\' data-price=\'180\' onclick=\'clicked(this.id)\' id=\'G-9\'><span>G-9</span></div></td>\r\n					<td><div class=\'seat available\' data-class=\'gold\' data-price=\'180\' onclick=\'clicked(this.id)\' id=\'G-10\'><span>G-10</span></div></td>\r\n					<td><div class=\'seat available\' data-class=\'gold\' data-price=\'180\' onclick=\'clicked(this.id)\' id=\'G-11\'><span>G-11</span></div></td>\r\n					<td><div class=\'seat available\' data-class=\'gold\' data-price=\'180\' onclick=\'clicked(this.id)\' id=\'G-12\'><span>G-12</span></div></td>\r\n					<td><div class=\'seat available\' data-class=\'gold\' data-price=\'180\' onclick=\'clicked(this.id)\' id=\'G-13\'><span>G-13</span></div></td>\r\n					<td><div class=\'seat available\' data-class=\'gold\' data-price=\'180\' onclick=\'clicked(this.id)\' id=\'G-14\'><span>G-14</span></div></td>\r\n					<td><div class=\'seat available\' data-class=\'gold\' data-price=\'180\' onclick=\'clicked(this.id)\' id=\'G-15\'><span>G-15</span></div></td>\r\n					<td><div class=\'seat available\' data-class=\'gold\' data-price=\'180\' onclick=\'clicked(this.id)\' id=\'G-16\'><span>G-16</span></div></td>\r\n				</tr>\r\n				<tr>\r\n					<td><div class=\'seat available\' data-class=\'gold\' data-price=\'180\' onclick=\'clicked(this.id)\' id=\'H-1\'><span>H-1</span></div></td>\r\n					<td><div class=\'seat available\' data-class=\'gold\' data-price=\'180\' onclick=\'clicked(this.id)\' id=\'H-2\'><span>H-2</span></div></td>\r\n					<td><div class=\'seat available\' data-class=\'gold\' data-price=\'180\' onclick=\'clicked(this.id)\' id=\'H-3\'><span>H-3</span></div></td>\r\n					<td><div class=\'seat available\' data-class=\'gold\' data-price=\'180\' onclick=\'clicked(this.id)\' id=\'H-4\'><span>H-4</span></div></td>\r\n					<td><div class=\'seat available\' data-class=\'gold\' data-price=\'180\' onclick=\'clicked(this.id)\' id=\'H-5\'><span>H-5</span></div></td>\r\n					<td><div class=\'seat available\' data-class=\'gold\' data-price=\'180\' onclick=\'clicked(this.id)\' id=\'H-6\'><span>H-6</span></div></td>\r\n					<td><div class=\'seat available\' data-class=\'gold\' data-price=\'180\' onclick=\'clicked(this.id)\' id=\'H-7\'><span>H-7</span></div></td>\r\n					<td><div class=\'seat available\' data-class=\'gold\' data-price=\'180\' onclick=\'clicked(this.id)\' id=\'H-8\'><span>H-8</span></div></td>\r\n					<td><div class=\'seat available\' data-class=\'gold\' data-price=\'180\' onclick=\'clicked(this.id)\' id=\'H-9\'><span>H-9</span></div></td>\r\n					<td><div class=\'seat available\' data-class=\'gold\' data-price=\'180\' onclick=\'clicked(this.id)\' id=\'H-10\'><span>H-10</span></div></td>\r\n					<td><div class=\'seat available\' data-class=\'gold\' data-price=\'180\' onclick=\'clicked(this.id)\' id=\'H-11\'><span>H-11</span></div></td>\r\n					<td><div class=\'seat available\' data-class=\'gold\' data-price=\'180\' onclick=\'clicked(this.id)\' id=\'H-12\'><span>H-12</span></div></td>\r\n					<td><div class=\'seat available\' data-class=\'gold\' data-price=\'180\' onclick=\'clicked(this.id)\' id=\'H-13\'><span>H-13</span></div></td>\r\n					<td><div class=\'seat available\' data-class=\'gold\' data-price=\'180\' onclick=\'clicked(this.id)\' id=\'H-14\'><span>H-14</span></div></td>\r\n					<td><div class=\'seat available\' data-class=\'gold\' data-price=\'180\' onclick=\'clicked(this.id)\' id=\'H-15\'><span>H-15</span></div></td>\r\n					<td><div class=\'seat available\' data-class=\'gold\' data-price=\'180\' onclick=\'clicked(this.id)\' id=\'H-16\'><span>H-16</span></div></td>\r\n				</tr>\r\n			</table>\r\n\r\n			<span class=\'section\' style=\'display: block; margin-left: auto; margin-right: auto; width: 140px; margin-top: 20px;\'>Silver: Rs. 160</span>\r\n			<hr>\r\n\r\n			<table>\r\n				<tr>\r\n					<td><div class=\'seat available\' data-class=\'silver\' data-price=\'160\' onclick=\'clicked(this.id)\' id=\'I-1\'><span>I-1</span></div></td>\r\n					<td><div class=\'seat available\' data-class=\'silver\' data-price=\'160\' onclick=\'clicked(this.id)\' id=\'I-2\'><span>I-2</span></div></td>\r\n					<td><div class=\'seat available\' data-class=\'silver\' data-price=\'160\' onclick=\'clicked(this.id)\' id=\'I-3\'><span>I-3</span></div></td>\r\n					<td><div class=\'seat available\' data-class=\'silver\' data-price=\'160\' onclick=\'clicked(this.id)\' id=\'I-4\'><span>I-4</span></div></td>\r\n					<td><div class=\'seat available\' data-class=\'silver\' data-price=\'160\' onclick=\'clicked(this.id)\' id=\'I-5\'><span>I-5</span></div></td>\r\n					<td><div class=\'seat available\' data-class=\'silver\' data-price=\'160\' onclick=\'clicked(this.id)\' id=\'I-6\'><span>I-6</span></div></td>\r\n					<td><div class=\'seat available\' data-class=\'silver\' data-price=\'160\' onclick=\'clicked(this.id)\' id=\'I-7\'><span>I-7</span></div></td>\r\n					<td><div class=\'seat available\' data-class=\'silver\' data-price=\'160\' onclick=\'clicked(this.id)\' id=\'I-8\'><span>I-8</span></div></td>\r\n					<td><div class=\'seat available\' data-class=\'silver\' data-price=\'160\' onclick=\'clicked(this.id)\' id=\'I-9\'><span>I-9</span></div></td>\r\n					<td><div class=\'seat available\' data-class=\'silver\' data-price=\'160\' onclick=\'clicked(this.id)\' id=\'I-10\'><span>I-10</span></div></td>\r\n					<td><div class=\'seat available\' data-class=\'silver\' data-price=\'160\' onclick=\'clicked(this.id)\' id=\'I-11\'><span>I-11</span></div></td>\r\n					<td><div class=\'seat available\' data-class=\'silver\' data-price=\'160\' onclick=\'clicked(this.id)\' id=\'I-12\'><span>I-12</span></div></td>\r\n					<td><div class=\'seat available\' data-class=\'silver\' data-price=\'160\' onclick=\'clicked(this.id)\' id=\'I-13\'><span>I-13</span></div></td>\r\n					<td><div class=\'seat available\' data-class=\'silver\' data-price=\'160\' onclick=\'clicked(this.id)\' id=\'I-14\'><span>I-14</span></div></td>\r\n					<td><div class=\'seat available\' data-class=\'silver\' data-price=\'160\' onclick=\'clicked(this.id)\' id=\'I-15\'><span>I-15</span></div></td>\r\n					<td><div class=\'seat available\' data-class=\'silver\' data-price=\'160\' onclick=\'clicked(this.id)\' id=\'I-16\'><span>I-16</span></div></td>\r\n				</tr>\r\n				<tr>\r\n					<td><div class=\'seat available\' data-class=\'silver\' data-price=\'160\' onclick=\'clicked(this.id)\' id=\'J-1\'><span>J-1</span></div></td>\r\n					<td><div class=\'seat available\' data-class=\'silver\' data-price=\'160\' onclick=\'clicked(this.id)\' id=\'J-2\'><span>J-2</span></div></td>\r\n					<td><div class=\'seat available\' data-class=\'silver\' data-price=\'160\' onclick=\'clicked(this.id)\' id=\'J-3\'><span>J-3</span></div></td>\r\n					<td><div class=\'seat available\' data-class=\'silver\' data-price=\'160\' onclick=\'clicked(this.id)\' id=\'J-4\'><span>J-4</span></div></td>\r\n					<td><div class=\'seat available\' data-class=\'silver\' data-price=\'160\' onclick=\'clicked(this.id)\' id=\'J-5\'><span>J-5</span></div></td>\r\n					<td><div class=\'seat available\' data-class=\'silver\' data-price=\'160\' onclick=\'clicked(this.id)\' id=\'J-6\'><span>J-6</span></div></td>\r\n					<td><div class=\'seat available\' data-class=\'silver\' data-price=\'160\' onclick=\'clicked(this.id)\' id=\'J-7\'><span>J-7</span></div></td>\r\n					<td><div class=\'seat available\' data-class=\'silver\' data-price=\'160\' onclick=\'clicked(this.id)\' id=\'J-8\'><span>J-8</span></div></td>\r\n					<td><div class=\'seat available\' data-class=\'silver\' data-price=\'160\' onclick=\'clicked(this.id)\' id=\'J-9\'><span>J-9</span></div></td>\r\n					<td><div class=\'seat available\' data-class=\'silver\' data-price=\'160\' onclick=\'clicked(this.id)\' id=\'J-10\'><span>J-10</span></div></td>\r\n					<td><div class=\'seat available\' data-class=\'silver\' data-price=\'160\' onclick=\'clicked(this.id)\' id=\'J-11\'><span>J-11</span></div></td>\r\n					<td><div class=\'seat available\' data-class=\'silver\' data-price=\'160\' onclick=\'clicked(this.id)\' id=\'J-12\'><span>J-12</span></div></td>\r\n					<td><div class=\'seat available\' data-class=\'silver\' data-price=\'160\' onclick=\'clicked(this.id)\' id=\'J-13\'><span>J-13</span></div></td>\r\n					<td><div class=\'seat available\' data-class=\'silver\' data-price=\'160\' onclick=\'clicked(this.id)\' id=\'J-14\'><span>J-14</span></div></td>\r\n					<td><div class=\'seat available\' data-class=\'silver\' data-price=\'160\' onclick=\'clicked(this.id)\' id=\'J-15\'><span>J-15</span></div></td>\r\n					<td><div class=\'seat available\' data-class=\'silver\' data-price=\'160\' onclick=\'clicked(this.id)\' id=\'J-16\'><span>J-16</span></div></td>\r\n				</tr>\r\n			</table>\r\n\r\n			<hr size=6 noshade style=\"margin-top: 50px\">\r\n			<span style=\'font-size: 20px; font-family: Verdana; display: block; margin-left: auto; margin-right: auto; width: 200px;\'>Screen this way</span>\r\n\r\n</div>', 1),
(3, 'Funcity Screen 1', 143, '<div id=\'seatmap\' style=\"width: 280px; margin-left: auto; margin-right: auto;\">\r\n			<span class=\'section\' style=\'display: block; margin-left: auto; margin-right: auto; width: 140px;  margin-top: 20px;\'>Special: Rs. 140</span>\r\n			<hr>\r\n			<table>	\r\n				<tr>\r\n					<td><div class=\'seat available\' data-class=\'special\' data-price=\'140\' onclick=\'clicked(this.id)\' id=\'A-1\'><span>A-1</span></div></td>\r\n					<td><div class=\'seat available\' data-class=\'special\' data-price=\'140\' onclick=\'clicked(this.id)\' id=\'A-2\'><span>A-2</span></div></td>\r\n					<td><div class=\'seat available\' data-class=\'special\' data-price=\'140\' onclick=\'clicked(this.id)\' id=\'A-3\'><span>A-3</span></div></td>\r\n					<td><div class=\'space\'></div></td>\r\n					<td><div class=\'space\'></div></td>\r\n				</tr>\r\n				\r\n				<tr>\r\n					<td><div class=\'seat available\' data-class=\'special\' data-price=\'140\' onclick=\'clicked(this.id)\' id=\'B-1\'><span>B-1</span></div></td>\r\n					<td><div class=\'seat available\' data-class=\'special\' data-price=\'140\' onclick=\'clicked(this.id)\' id=\'B-2\'><span>B-2</span></div></td>\r\n					<td><div class=\'seat available\' data-class=\'special\' data-price=\'140\' onclick=\'clicked(this.id)\' id=\'B-3\'><span>B-3</span></div></td>\r\n					<td><div class=\'seat available\' data-class=\'special\' data-price=\'140\' onclick=\'clicked(this.id)\' id=\'B-4\'><span>B-4</span></div></td>\r\n					<td><div class=\'seat available\' data-class=\'special\' data-price=\'140\' onclick=\'clicked(this.id)\' id=\'B-5\'><span>B-5</span></div></td>					\r\n				</tr>\r\n\r\n				<tr>\r\n					<td><div class=\'seat available\' data-class=\'special\' data-price=\'140\' onclick=\'clicked(this.id)\' id=\'C-1\'><span>C-1</span></div></td>\r\n					<td><div class=\'seat available\' data-class=\'special\' data-price=\'140\' onclick=\'clicked(this.id)\' id=\'C-2\'><span>C-2</span></div></td>\r\n					<td><div class=\'seat available\' data-class=\'special\' data-price=\'140\' onclick=\'clicked(this.id)\' id=\'C-3\'><span>C-3</span></div></td>\r\n					<td><div class=\'seat available\' data-class=\'special\' data-price=\'140\' onclick=\'clicked(this.id)\' id=\'C-4\'><span>C-4</span></div></td>\r\n					<td><div class=\'seat available\' data-class=\'special\' data-price=\'140\' onclick=\'clicked(this.id)\' id=\'C-5\'><span>C-5</span></div></td>					\r\n				</tr>\r\n\r\n				<tr>\r\n					<td><div class=\'seat available\' data-class=\'special\' data-price=\'140\' onclick=\'clicked(this.id)\' id=\'D-1\'><span>D-1</span></div></td>\r\n					<td><div class=\'seat available\' data-class=\'special\' data-price=\'140\' onclick=\'clicked(this.id)\' id=\'D-2\'><span>D-2</span></div></td>\r\n					<td><div class=\'seat available\' data-class=\'special\' data-price=\'140\' onclick=\'clicked(this.id)\' id=\'D-3\'><span>D-3</span></div></td>\r\n					<td><div class=\'seat available\' data-class=\'special\' data-price=\'140\' onclick=\'clicked(this.id)\' id=\'D-4\'><span>D-4</span></div></td>\r\n					<td><div class=\'seat available\' data-class=\'special\' data-price=\'140\' onclick=\'clicked(this.id)\' id=\'D-5\'><span>D-5</span></div></td>					\r\n				</tr>\r\n\r\n				<tr>\r\n					<td><div class=\'seat available\' data-class=\'special\' data-price=\'140\' onclick=\'clicked(this.id)\' id=\'F-1\'><span>F-1</span></div></td>\r\n					<td><div class=\'seat available\' data-class=\'special\' data-price=\'140\' onclick=\'clicked(this.id)\' id=\'F-2\'><span>F-2</span></div></td>\r\n					<td><div class=\'seat available\' data-class=\'special\' data-price=\'140\' onclick=\'clicked(this.id)\' id=\'F-3\'><span>F-3</span></div></td>\r\n					<td><div class=\'seat available\' data-class=\'special\' data-price=\'140\' onclick=\'clicked(this.id)\' id=\'F-4\'><span>F-4</span></div></td>\r\n					<td><div class=\'seat available\' data-class=\'special\' data-price=\'140\' onclick=\'clicked(this.id)\' id=\'F-5\'><span>F-5</span></div></td>					\r\n				</tr>\r\n			</table>\r\n\r\n			\r\n			<hr size=6 noshade style=\"margin-top: 50px\">\r\n			<span style=\'font-size: 20px; font-family: Verdana; display: block; margin-left: auto; margin-right: auto; width: 200px;\'>Screen this way</span>\r\n</div>', 2);
INSERT INTO `screen` (`id`, `name`, `capacity`, `seat_map`, `theatre_id`) VALUES
(4, 'Funcity Screen 2', 80, '<div id=\'seatmap\' style=\"width: 560px; margin-left: auto; margin-right: auto;\">\r\n			<span class=\'section\' style=\'display: block; margin-left: auto; margin-right: auto; width: 140px;  margin-top: 20px;\'>Special: Rs. 140</span>\r\n			<hr>\r\n			<table>	\r\n				<tr>\r\n					<td><div class=\'seat available\' data-class=\'special\' data-price=\'140\' onclick=\'clicked(this.id)\' id=\'A-1\'><span>A-1</span></div></td>\r\n					<td><div class=\'seat available\' data-class=\'special\' data-price=\'140\' onclick=\'clicked(this.id)\' id=\'A-2\'><span>A-2</span></div></td>\r\n					<td><div class=\'seat available\' data-class=\'special\' data-price=\'140\' onclick=\'clicked(this.id)\' id=\'A-3\'><span>A-3</span></div></td>\r\n					<td><div class=\'seat available\' data-class=\'special\' data-price=\'140\' onclick=\'clicked(this.id)\' id=\'A-4\'><span>A-4</span></div></td>\r\n					<td><div class=\'seat available\' data-class=\'special\' data-price=\'140\' onclick=\'clicked(this.id)\' id=\'A-5\'><span>A-5</span></div></td>\r\n					<td><div class=\'seat available\' data-class=\'special\' data-price=\'140\' onclick=\'clicked(this.id)\' id=\'A-6\'><span>A-6</span></div></td>\r\n					<td><div class=\'seat available\' data-class=\'special\' data-price=\'140\' onclick=\'clicked(this.id)\' id=\'A-7\'><span>\r\n					A-7</span></div></td>\r\n					<td><div class=\'seat available\' data-class=\'special\' data-price=\'140\' onclick=\'clicked(this.id)\' id=\'A-8\'><span>\r\n					A-8</span></div></td>\r\n					<td><div class=\'seat available\' data-class=\'special\' data-price=\'140\' onclick=\'clicked(this.id)\' id=\'A-9\'><span>\r\n					A-9</span></div></td>\r\n					<td><div class=\'seat available\' data-class=\'special\' data-price=\'140\' onclick=\'clicked(this.id)\' id=\'A-10\'><span>\r\n					A-10</span></div></td>\r\n				</tr>\r\n				<tr>\r\n					<td><div class=\'seat available\' data-class=\'special\' data-price=\'140\' onclick=\'clicked(this.id)\' id=\'B-1\'><span>B-1</span></div></td>\r\n					<td><div class=\'seat available\' data-class=\'special\' data-price=\'140\' onclick=\'clicked(this.id)\' id=\'B-2\'><span>B-2</span></div></td>\r\n					<td><div class=\'seat available\' data-class=\'special\' data-price=\'140\' onclick=\'clicked(this.id)\' id=\'B-3\'><span>B-3</span></div></td>\r\n					<td><div class=\'seat available\' data-class=\'special\' data-price=\'140\' onclick=\'clicked(this.id)\' id=\'B-4\'><span>B-4</span></div></td>\r\n					<td><div class=\'seat available\' data-class=\'special\' data-price=\'140\' onclick=\'clicked(this.id)\' id=\'B-5\'><span>B-5</span></div></td>\r\n					<td><div class=\'seat available\' data-class=\'special\' data-price=\'140\' onclick=\'clicked(this.id)\' id=\'B-6\'><span>B-6</span></div></td>\r\n					<td><div class=\'seat available\' data-class=\'special\' data-price=\'140\' onclick=\'clicked(this.id)\' id=\'B-7\'><span>B-7</span></div></td>\r\n					<td><div class=\'seat available\' data-class=\'special\' data-price=\'140\' onclick=\'clicked(this.id)\' id=\'B-8\'><span>\r\n					B-8</span></div></td>\r\n					<td><div class=\'seat available\' data-class=\'special\' data-price=\'140\' onclick=\'clicked(this.id)\' id=\'B-9\'><span>\r\n					B-9</span></div></td>\r\n					<td><div class=\'seat available\' data-class=\'special\' data-price=\'140\' onclick=\'clicked(this.id)\' id=\'B-10\'><span>\r\n					B-10</span></div></td>\r\n				</tr>\r\n				<tr>\r\n					<td><div class=\'seat available\' data-class=\'special\' data-price=\'140\' onclick=\'clicked(this.id)\' id=\'C-1\'><span>C-1</span></div></td>\r\n					<td><div class=\'seat available\' data-class=\'special\' data-price=\'140\' onclick=\'clicked(this.id)\' id=\'C-2\'><span>C-2</span></div></td>\r\n					<td><div class=\'seat available\' data-class=\'special\' data-price=\'140\' onclick=\'clicked(this.id)\' id=\'C-3\'><span>C-3</span></div></td>\r\n					<td><div class=\'seat available\' data-class=\'special\' data-price=\'140\' onclick=\'clicked(this.id)\' id=\'C-4\'><span>C-4</span></div></td>\r\n					<td><div class=\'seat available\' data-class=\'special\' data-price=\'140\' onclick=\'clicked(this.id)\' id=\'C-5\'><span>C-5</span></div></td>\r\n					<td><div class=\'seat available\' data-class=\'special\' data-price=\'140\' onclick=\'clicked(this.id)\' id=\'C-6\'><span>C-6</span></div></td>\r\n					<td><div class=\'seat available\' data-class=\'special\' data-price=\'140\' onclick=\'clicked(this.id)\' id=\'C-7\'><span>C-7</span></div></td>\r\n					<td><div class=\'seat available\' data-class=\'special\' data-price=\'140\' onclick=\'clicked(this.id)\' id=\'C-8\'><span>C-8</span></div></td>\r\n					<td><div class=\'seat available\' data-class=\'special\' data-price=\'140\' onclick=\'clicked(this.id)\' id=\'C-9\'><span>C-9</span></div></td>\r\n					<td><div class=\'seat available\' data-class=\'special\' data-price=\'140\' onclick=\'clicked(this.id)\' id=\'C-10\'><span>C-10</span></div></td>\r\n				</tr>\r\n				<tr>\r\n					<td><div class=\'seat available\' data-class=\'special\' data-price=\'140\' onclick=\'clicked(this.id)\' id=\'D-1\'><span>D-1</span></div></td>\r\n					<td><div class=\'seat available\' data-class=\'special\' data-price=\'140\' onclick=\'clicked(this.id)\' id=\'D-2\'><span>D-2</span></div></td>\r\n					<td><div class=\'seat available\' data-class=\'special\' data-price=\'140\' onclick=\'clicked(this.id)\' id=\'D-3\'><span>D-3</span></div></td>\r\n					<td><div class=\'seat available\' data-class=\'special\' data-price=\'140\' onclick=\'clicked(this.id)\' id=\'D-4\'><span>D-4</span></div></td>\r\n					<td><div class=\'seat available\' data-class=\'special\' data-price=\'140\' onclick=\'clicked(this.id)\' id=\'D-5\'><span>D-5</span></div></td>\r\n					<td><div class=\'seat available\' data-class=\'special\' data-price=\'140\' onclick=\'clicked(this.id)\' id=\'D-6\'><span>D-6</span></div></td>\r\n					<td><div class=\'seat available\' data-class=\'special\' data-price=\'140\' onclick=\'clicked(this.id)\' id=\'D-7\'><span>D-7</span></div></td>\r\n					<td><div class=\'seat available\' data-class=\'special\' data-price=\'140\' onclick=\'clicked(this.id)\' id=\'D-8\'><span>D-8</span></div></td>\r\n					<td><div class=\'seat available\' data-class=\'special\' data-price=\'140\' onclick=\'clicked(this.id)\' id=\'D-9\'><span>D-9</span></div></td>\r\n					<td><div class=\'seat available\' data-class=\'special\' data-price=\'140\' onclick=\'clicked(this.id)\' id=\'D-10\'><span>D-10</span></div></td>\r\n				</tr>\r\n				<tr>\r\n					<td><div class=\'seat available\' data-class=\'special\' data-price=\'140\' onclick=\'clicked(this.id)\' id=\'E-1\'><span>E-1</span></div></td>\r\n					<td><div class=\'seat available\' data-class=\'special\' data-price=\'140\' onclick=\'clicked(this.id)\' id=\'E-2\'><span>E-2</span></div></td>\r\n					<td><div class=\'seat available\' data-class=\'special\' data-price=\'140\' onclick=\'clicked(this.id)\' id=\'E-3\'><span>E-3</span></div></td>\r\n					<td><div class=\'seat available\' data-class=\'special\' data-price=\'140\' onclick=\'clicked(this.id)\' id=\'E-4\'><span>E-4</span></div></td>\r\n					<td><div class=\'seat available\' data-class=\'special\' data-price=\'140\' onclick=\'clicked(this.id)\' id=\'E-5\'><span>E-5</span></div></td>\r\n					<td><div class=\'seat available\' data-class=\'special\' data-price=\'140\' onclick=\'clicked(this.id)\' id=\'E-6\'><span>E-6</span></div></td>\r\n					<td><div class=\'seat available\' data-class=\'special\' data-price=\'140\' onclick=\'clicked(this.id)\' id=\'E-7\'><span>E-7</span></div></td>\r\n					<td><div class=\'seat available\' data-class=\'special\' data-price=\'140\' onclick=\'clicked(this.id)\' id=\'E-8\'><span>E-8</span></div></td>\r\n					<td><div class=\'seat available\' data-class=\'special\' data-price=\'140\' onclick=\'clicked(this.id)\' id=\'E-9\'><span>E-9</span></div></td>\r\n					<td><div class=\'seat available\' data-class=\'special\' data-price=\'140\' onclick=\'clicked(this.id)\' id=\'E-10\'><span>E-10</span></div></td>\r\n				</tr>\r\n				<tr>\r\n					<td><div class=\'seat available\' data-class=\'special\' data-price=\'140\' onclick=\'clicked(this.id)\' id=\'F-1\'><span>F-1</span></div></td>\r\n					<td><div class=\'seat available\' data-class=\'special\' data-price=\'140\' onclick=\'clicked(this.id)\' id=\'F-2\'><span>F-2</span></div></td>\r\n					<td><div class=\'seat available\' data-class=\'special\' data-price=\'140\' onclick=\'clicked(this.id)\' id=\'F-3\'><span>F-3</span></div></td>\r\n					<td><div class=\'seat available\' data-class=\'special\' data-price=\'140\' onclick=\'clicked(this.id)\' id=\'F-4\'><span>F-4</span></div></td>\r\n					<td><div class=\'seat available\' data-class=\'special\' data-price=\'140\' onclick=\'clicked(this.id)\' id=\'F-5\'><span>F-5</span></div></td>\r\n					<td><div class=\'seat available\' data-class=\'special\' data-price=\'140\' onclick=\'clicked(this.id)\' id=\'F-6\'><span>F-6</span></div></td>\r\n					<td><div class=\'seat available\' data-class=\'special\' data-price=\'140\' onclick=\'clicked(this.id)\' id=\'F-7\'><span>F-7</span></div></td>\r\n					<td><div class=\'seat available\' data-class=\'special\' data-price=\'140\' onclick=\'clicked(this.id)\' id=\'F-8\'><span>F-8</span></div></td>\r\n					<td><div class=\'seat available\' data-class=\'special\' data-price=\'140\' onclick=\'clicked(this.id)\' id=\'F-9\'><span>F-9</span></div></td>\r\n					<td><div class=\'seat available\' data-class=\'special\' data-price=\'140\' onclick=\'clicked(this.id)\' id=\'F-10\'><span>F-10</span></div></td>\r\n\r\n				</tr>\r\n				<tr>\r\n					<td><div class=\'seat available\' data-class=\'special\' data-price=\'140\' onclick=\'clicked(this.id)\' id=\'G-1\'><span>G-1</span></div></td>\r\n					<td><div class=\'seat available\' data-class=\'special\' data-price=\'140\' onclick=\'clicked(this.id)\' id=\'G-2\'><span>G-2</span></div></td>\r\n					<td><div class=\'seat available\' data-class=\'special\' data-price=\'140\' onclick=\'clicked(this.id)\' id=\'G-3\'><span>G-3</span></div></td>\r\n					<td><div class=\'seat available\' data-class=\'special\' data-price=\'140\' onclick=\'clicked(this.id)\' id=\'G-4\'><span>G-4</span></div></td>\r\n					<td><div class=\'seat available\' data-class=\'special\' data-price=\'140\' onclick=\'clicked(this.id)\' id=\'G-5\'><span>G-5</span></div></td>\r\n					<td><div class=\'seat available\' data-class=\'special\' data-price=\'140\' onclick=\'clicked(this.id)\' id=\'G-6\'><span>G-6</span></div></td>\r\n					<td><div class=\'seat available\' data-class=\'special\' data-price=\'140\' onclick=\'clicked(this.id)\' id=\'G-7\'><span>G-7</span></div></td>\r\n					<td><div class=\'seat available\' data-class=\'special\' data-price=\'140\' onclick=\'clicked(this.id)\' id=\'G-8\'><span>G-8</span></div></td>\r\n					<td><div class=\'seat available\' data-class=\'special\' data-price=\'140\' onclick=\'clicked(this.id)\' id=\'G-9\'><span>G-9</span></div></td>\r\n					<td><div class=\'seat available\' data-class=\'special\' data-price=\'140\' onclick=\'clicked(this.id)\' id=\'G-10\'><span>G-10</span></div></td>\r\n				</tr>\r\n				<tr>\r\n					<td><div class=\'seat available\' data-class=\'special\' data-price=\'140\' onclick=\'clicked(this.id)\' id=\'H-1\'><span>H-1</span></div></td>\r\n					<td><div class=\'seat available\' data-class=\'special\' data-price=\'140\' onclick=\'clicked(this.id)\' id=\'H-2\'><span>H-2</span></div></td>\r\n					<td><div class=\'seat available\' data-class=\'special\' data-price=\'140\' onclick=\'clicked(this.id)\' id=\'H-3\'><span>H-3</span></div></td>\r\n					<td><div class=\'seat available\' data-class=\'special\' data-price=\'140\' onclick=\'clicked(this.id)\' id=\'H-4\'><span>H-4</span></div></td>\r\n					<td><div class=\'seat available\' data-class=\'special\' data-price=\'140\' onclick=\'clicked(this.id)\' id=\'H-5\'><span>H-5</span></div></td>\r\n					<td><div class=\'seat available\' data-class=\'special\' data-price=\'140\' onclick=\'clicked(this.id)\' id=\'H-6\'><span>H-6</span></div></td>\r\n					<td><div class=\'seat available\' data-class=\'special\' data-price=\'140\' onclick=\'clicked(this.id)\' id=\'H-7\'><span>H-7</span></div></td>\r\n					<td><div class=\'seat available\' data-class=\'special\' data-price=\'140\' onclick=\'clicked(this.id)\' id=\'H-8\'><span>H-8</span></div></td>\r\n					<td><div class=\'seat available\' data-class=\'special\' data-price=\'140\' onclick=\'clicked(this.id)\' id=\'H-9\'><span>H-9</span></div></td>\r\n					<td><div class=\'seat available\' data-class=\'special\' data-price=\'140\' onclick=\'clicked(this.id)\' id=\'H-10\'><span>H-10</span></div></td>\r\n				</tr>\r\n			</table>\r\n\r\n			<hr size=6 noshade style=\"margin-top: 50px\">\r\n			<span style=\'font-size: 20px; font-family: Verdana; display: block; margin-left: auto; margin-right: auto; width: 200px;\'>Screen this way</span>\r\n\r\n</div>', 2);

-- --------------------------------------------------------

--
-- Table structure for table `theatre`
--

CREATE TABLE `theatre` (
  `id` int(11) NOT NULL,
  `name` varchar(255) NOT NULL,
  `address` text NOT NULL,
  `phone` varchar(255) NOT NULL
) ENGINE=InnoDB DEFAULT CHARSET=latin1;

--
-- Dumping data for table `theatre`
--

INSERT INTO `theatre` (`id`, `name`, `address`, `phone`) VALUES
(1, 'Ashok Anil Multiplex', 'Ramayan Nagar, Ulhasnagar No. 3, Kalyan Ambarnath road, Near Indian Bank, Ulhasnagar, Maharashtra 421002, India', '02513211404'),
(2, 'Miraj Cinemas: Funcity', 'Plot no.93, Sector 6A Ambarnath Road, Victory Ice Factory Compound, Press Bazaar, Ulhasnagar, Maharashtra 421003, India', '9323355981');

-- --------------------------------------------------------

--
-- Table structure for table `ticket`
--

CREATE TABLE `ticket` (
  `id` int(11) NOT NULL,
  `seat` varchar(255) NOT NULL,
  `screen` varchar(255) NOT NULL,
  `theatre` varchar(255) NOT NULL,
  `movie` varchar(255) NOT NULL,
  `date` varchar(255) NOT NULL,
  `time` varchar(255) NOT NULL,
  `show_id` varchar(255) NOT NULL
) ENGINE=InnoDB DEFAULT CHARSET=latin1;

--
-- Dumping data for table `ticket`
--

INSERT INTO `ticket` (`id`, `seat`, `screen`, `theatre`, `movie`, `date`, `time`, `show_id`) VALUES
(29, 'C-12', 'Funcity Screen 1', 'Miraj Cinemas: Funcity', 'Raazi', '2019-05-04', '18:30:00', '24'),
(30, 'C-7', 'Funcity Screen 1', 'Miraj Cinemas: Funcity', 'Raazi', '2019-05-03', '15:30:00', '9'),
(31, 'C-8', 'Funcity Screen 1', 'Miraj Cinemas: Funcity', 'Raazi', '2019-05-03', '15:30:00', '9'),
(32, 'C-9', 'Funcity Screen 1', 'Miraj Cinemas: Funcity', 'Raazi', '2019-05-03', '15:30:00', '9'),
(33, 'A-6', 'Funcity Screen 1', 'Miraj Cinemas: Funcity', 'Andhadhun', '2019-05-03', '12:00:00', '2'),
(34, 'A-7', 'Funcity Screen 1', 'Miraj Cinemas: Funcity', 'Andhadhun', '2019-05-03', '12:00:00', '2'),
(35, 'C-7', 'Funcity Screen 1', 'Miraj Cinemas: Funcity', 'Andhadhun', '2019-05-03', '21:45:00', '19'),
(36, 'C-8', 'Funcity Screen 1', 'Miraj Cinemas: Funcity', 'Andhadhun', '2019-05-03', '21:45:00', '19'),
(37, 'C-9', 'Funcity Screen 1', 'Miraj Cinemas: Funcity', 'Andhadhun', '2019-05-03', '21:45:00', '19'),
(38, 'B-2', 'Funcity Screen 1', 'Miraj Cinemas: Funcity', 'Andhadhun', '2018-10-05', '21:35:00', '47'),
(39, 'B-3', 'Funcity Screen 1', 'Miraj Cinemas: Funcity', 'Andhadhun', '2018-10-05', '21:35:00', '47'),
(40, 'C-8', 'Ashok Anil Screen 2', 'Ashok Anil Multiplex', 'Manto', '2018-10-05', '10:00:00', '37'),
(41, 'A-3', 'Ashok Anil Screen 1', 'Ashok Anil Multiplex', 'Raazi', '2018-10-05', '14:10:00', '33'),
(42, 'A-4', 'Ashok Anil Screen 1', 'Ashok Anil Multiplex', 'Raazi', '2018-10-05', '14:10:00', '33'),
(43, 'A-5', 'Ashok Anil Screen 1', 'Ashok Anil Multiplex', 'Raazi', '2018-10-05', '14:10:00', '33'),
(44, 'A-6', 'Ashok Anil Screen 1', 'Ashok Anil Multiplex', 'Raazi', '2018-10-05', '14:10:00', '33'),
(45, 'A-7', 'Ashok Anil Screen 1', 'Ashok Anil Multiplex', 'Raazi', '2018-10-05', '14:10:00', '33'),
(46, 'A-11', 'Ashok Anil Screen 1', 'Ashok Anil Multiplex', 'Raazi', '2018-10-06', '14:10:00', '58'),
(47, 'A-12', 'Ashok Anil Screen 1', 'Ashok Anil Multiplex', 'Raazi', '2018-10-06', '14:10:00', '58'),
(48, 'A-3', 'Funcity Screen 2', 'Miraj Cinemas: Funcity', 'Bhavesh Joshi Superhero', '2018-10-05', '18:05:00', '53'),
(49, 'A-4', 'Funcity Screen 2', 'Miraj Cinemas: Funcity', 'Bhavesh Joshi Superhero', '2018-10-05', '18:05:00', '53'),
(50, 'A-5', 'Funcity Screen 2', 'Miraj Cinemas: Funcity', 'Bhavesh Joshi Superhero', '2018-10-05', '18:05:00', '53'),
(51, 'A-6', 'Funcity Screen 2', 'Miraj Cinemas: Funcity', 'Bhavesh Joshi Superhero', '2018-10-05', '18:05:00', '53'),
(52, 'A-7', 'Funcity Screen 2', 'Miraj Cinemas: Funcity', 'Bhavesh Joshi Superhero', '2018-10-05', '18:05:00', '53'),
(53, 'B-3', 'Funcity Screen 2', 'Miraj Cinemas: Funcity', 'Bhavesh Joshi Superhero', '2018-10-06', '18:05:00', '75'),
(54, 'B-4', 'Funcity Screen 2', 'Miraj Cinemas: Funcity', 'Bhavesh Joshi Superhero', '2018-10-06', '18:05:00', '75'),
(55, 'B-5', 'Funcity Screen 2', 'Miraj Cinemas: Funcity', 'Bhavesh Joshi Superhero', '2018-10-06', '18:05:00', '75'),
(56, 'B-6', 'Funcity Screen 2', 'Miraj Cinemas: Funcity', 'Bhavesh Joshi Superhero', '2018-10-06', '18:05:00', '75'),
(57, 'B-7', 'Funcity Screen 2', 'Miraj Cinemas: Funcity', 'Bhavesh Joshi Superhero', '2018-10-06', '18:05:00', '75'),
(58, 'B-8', 'Funcity Screen 2', 'Miraj Cinemas: Funcity', 'Bhavesh Joshi Superhero', '2018-10-06', '18:05:00', '75'),
(59, 'A-1', 'Ashok Anil Screen 2', 'Ashok Anil Multiplex', 'Manto', '2018-10-06', '21:00:00', '63'),
(60, 'A-2', 'Ashok Anil Screen 2', 'Ashok Anil Multiplex', 'Manto', '2018-10-06', '21:00:00', '63'),
(61, 'A-5', 'Ashok Anil Screen 2', 'Ashok Anil Multiplex', 'Manto', '2018-10-06', '21:00:00', '63'),
(62, 'A-6', 'Ashok Anil Screen 2', 'Ashok Anil Multiplex', 'Manto', '2018-10-06', '21:00:00', '63'),
(63, 'A-7', 'Ashok Anil Screen 2', 'Ashok Anil Multiplex', 'Manto', '2018-10-06', '21:00:00', '63'),
(64, 'B-1', 'Ashok Anil Screen 2', 'Ashok Anil Multiplex', 'Manto', '2018-10-06', '21:00:00', '63'),
(65, 'B-2', 'Ashok Anil Screen 2', 'Ashok Anil Multiplex', 'Manto', '2018-10-06', '21:00:00', '63'),
(66, 'B-3', 'Ashok Anil Screen 2', 'Ashok Anil Multiplex', 'Manto', '2018-10-06', '21:00:00', '63'),
(67, 'B-4', 'Ashok Anil Screen 2', 'Ashok Anil Multiplex', 'Manto', '2018-10-06', '21:00:00', '63'),
(68, 'B-5', 'Ashok Anil Screen 2', 'Ashok Anil Multiplex', 'Manto', '2018-10-06', '21:00:00', '63'),
(69, 'B-6', 'Ashok Anil Screen 2', 'Ashok Anil Multiplex', 'Manto', '2018-10-06', '21:00:00', '63'),
(70, 'B-7', 'Ashok Anil Screen 2', 'Ashok Anil Multiplex', 'Manto', '2018-10-06', '21:00:00', '63'),
(71, 'B-8', 'Ashok Anil Screen 2', 'Ashok Anil Multiplex', 'Manto', '2018-10-06', '21:00:00', '63'),
(72, 'C-7', 'Ashok Anil Screen 2', 'Ashok Anil Multiplex', 'Manto', '2018-10-06', '21:00:00', '63'),
(73, 'C-8', 'Ashok Anil Screen 2', 'Ashok Anil Multiplex', 'Manto', '2018-10-06', '21:00:00', '63'),
(74, 'C-9', 'Ashok Anil Screen 2', 'Ashok Anil Multiplex', 'Manto', '2018-10-06', '21:00:00', '63'),
(75, 'C-10', 'Ashok Anil Screen 2', 'Ashok Anil Multiplex', 'Manto', '2018-10-06', '21:00:00', '63'),
(76, 'C-11', 'Ashok Anil Screen 2', 'Ashok Anil Multiplex', 'Manto', '2018-10-06', '21:00:00', '63'),
(77, 'C-12', 'Ashok Anil Screen 2', 'Ashok Anil Multiplex', 'Manto', '2018-10-06', '21:00:00', '63'),
(78, 'C-13', 'Ashok Anil Screen 2', 'Ashok Anil Multiplex', 'Manto', '2018-10-06', '21:00:00', '63'),
(79, 'C-14', 'Ashok Anil Screen 2', 'Ashok Anil Multiplex', 'Manto', '2018-10-06', '21:00:00', '63'),
(80, 'C-15', 'Ashok Anil Screen 2', 'Ashok Anil Multiplex', 'Manto', '2018-10-06', '21:00:00', '63'),
(81, 'C-16', 'Ashok Anil Screen 2', 'Ashok Anil Multiplex', 'Manto', '2018-10-06', '21:00:00', '63'),
(82, 'D-13', 'Ashok Anil Screen 2', 'Ashok Anil Multiplex', 'Manto', '2018-10-06', '21:00:00', '63'),
(83, 'D-14', 'Ashok Anil Screen 2', 'Ashok Anil Multiplex', 'Manto', '2018-10-06', '21:00:00', '63'),
(84, 'D-15', 'Ashok Anil Screen 2', 'Ashok Anil Multiplex', 'Manto', '2018-10-06', '21:00:00', '63'),
(85, 'D-16', 'Ashok Anil Screen 2', 'Ashok Anil Multiplex', 'Manto', '2018-10-06', '21:00:00', '63'),
(86, 'F-12', 'Ashok Anil Screen 2', 'Ashok Anil Multiplex', 'Manto', '2018-10-06', '21:00:00', '63'),
(87, 'F-13', 'Ashok Anil Screen 2', 'Ashok Anil Multiplex', 'Manto', '2018-10-06', '21:00:00', '63'),
(88, 'F-14', 'Ashok Anil Screen 2', 'Ashok Anil Multiplex', 'Manto', '2018-10-06', '21:00:00', '63'),
(89, 'H-15', 'Ashok Anil Screen 2', 'Ashok Anil Multiplex', 'Manto', '2018-10-06', '21:00:00', '63'),
(90, 'H-16', 'Ashok Anil Screen 2', 'Ashok Anil Multiplex', 'Manto', '2018-10-06', '21:00:00', '63'),
(91, 'I-12', 'Ashok Anil Screen 2', 'Ashok Anil Multiplex', 'Manto', '2018-10-06', '21:00:00', '63'),
(92, 'I-13', 'Ashok Anil Screen 2', 'Ashok Anil Multiplex', 'Manto', '2018-10-06', '21:00:00', '63'),
(93, 'I-14', 'Ashok Anil Screen 2', 'Ashok Anil Multiplex', 'Manto', '2018-10-06', '21:00:00', '63'),
(94, 'I-15', 'Ashok Anil Screen 2', 'Ashok Anil Multiplex', 'Manto', '2018-10-06', '21:00:00', '63'),
(95, 'I-16', 'Ashok Anil Screen 2', 'Ashok Anil Multiplex', 'Manto', '2018-10-06', '21:00:00', '63'),
(96, 'A-5', 'Ashok Anil Screen 2', 'Ashok Anil Multiplex', 'Andhadhun', '2018-10-06', '23:15:00', '62'),
(97, 'A-6', 'Ashok Anil Screen 2', 'Ashok Anil Multiplex', 'Andhadhun', '2018-10-06', '23:15:00', '62'),
(98, 'A-7', 'Ashok Anil Screen 2', 'Ashok Anil Multiplex', 'Andhadhun', '2018-10-06', '23:15:00', '62'),
(99, 'B-6', 'Ashok Anil Screen 2', 'Ashok Anil Multiplex', 'Andhadhun', '2018-10-06', '23:15:00', '62'),
(100, 'B-7', 'Ashok Anil Screen 2', 'Ashok Anil Multiplex', 'Andhadhun', '2018-10-06', '23:15:00', '62'),
(101, 'B-8', 'Ashok Anil Screen 2', 'Ashok Anil Multiplex', 'Andhadhun', '2018-10-06', '23:15:00', '62'),
(102, 'C-7', 'Ashok Anil Screen 2', 'Ashok Anil Multiplex', 'Andhadhun', '2018-10-06', '23:15:00', '62'),
(103, 'C-8', 'Ashok Anil Screen 2', 'Ashok Anil Multiplex', 'Andhadhun', '2018-10-06', '23:15:00', '62'),
(104, 'C-9', 'Ashok Anil Screen 2', 'Ashok Anil Multiplex', 'Andhadhun', '2018-10-06', '23:15:00', '62'),
(105, 'C-14', 'Ashok Anil Screen 2', 'Ashok Anil Multiplex', 'Andhadhun', '2018-10-06', '23:15:00', '62'),
(106, 'C-15', 'Ashok Anil Screen 2', 'Ashok Anil Multiplex', 'Andhadhun', '2018-10-06', '23:15:00', '62'),
(107, 'C-16', 'Ashok Anil Screen 2', 'Ashok Anil Multiplex', 'Andhadhun', '2018-10-06', '23:15:00', '62'),
(108, 'F-14', 'Ashok Anil Screen 2', 'Ashok Anil Multiplex', 'Andhadhun', '2018-10-06', '23:15:00', '62'),
(109, 'F-15', 'Ashok Anil Screen 2', 'Ashok Anil Multiplex', 'Andhadhun', '2018-10-06', '23:15:00', '62'),
(110, 'F-16', 'Ashok Anil Screen 2', 'Ashok Anil Multiplex', 'Andhadhun', '2018-10-06', '23:15:00', '62'),
(111, 'C-5', 'Ashok Anil Screen 1', 'Ashok Anil Multiplex', 'Mukkabaaz', '2018-10-05', '17:00:00', '34'),
(112, 'C-6', 'Ashok Anil Screen 1', 'Ashok Anil Multiplex', 'Mukkabaaz', '2018-10-05', '17:00:00', '34'),
(113, 'C-7', 'Ashok Anil Screen 1', 'Ashok Anil Multiplex', 'Mukkabaaz', '2018-10-05', '17:00:00', '34'),
(114, 'C-8', 'Ashok Anil Screen 1', 'Ashok Anil Multiplex', 'Mukkabaaz', '2018-10-05', '17:00:00', '34'),
(115, 'C-9', 'Ashok Anil Screen 1', 'Ashok Anil Multiplex', 'Mukkabaaz', '2018-10-05', '17:00:00', '34'),
(116, 'B-3', 'Funcity Screen 1', 'Miraj Cinemas: Funcity', 'Manto', '2018-10-05', '09:15:00', '43'),
(117, 'B-4', 'Funcity Screen 1', 'Miraj Cinemas: Funcity', 'Manto', '2018-10-05', '09:15:00', '43'),
(118, 'C-4', 'Funcity Screen 2', 'Miraj Cinemas: Funcity', 'Mukkabaaz', '2018-10-05', '14:50:00', '52'),
(119, 'C-5', 'Funcity Screen 2', 'Miraj Cinemas: Funcity', 'Mukkabaaz', '2018-10-05', '14:50:00', '52'),
(120, 'C-6', 'Funcity Screen 2', 'Miraj Cinemas: Funcity', 'Mukkabaaz', '2018-10-05', '14:50:00', '52'),
(121, 'C-7', 'Funcity Screen 2', 'Miraj Cinemas: Funcity', 'Mukkabaaz', '2018-10-05', '14:50:00', '52'),
(122, 'B-6', 'Ashok Anil Screen 1', 'Ashok Anil Multiplex', 'Mukkabaaz', '2018-10-05', '17:00:00', '34'),
(123, 'B-7', 'Ashok Anil Screen 1', 'Ashok Anil Multiplex', 'Mukkabaaz', '2018-10-05', '17:00:00', '34'),
(124, 'A-1', 'Ashok Anil Screen 1', 'Ashok Anil Multiplex', 'Mukkabaaz', '2018-10-05', '17:00:00', '34'),
(125, 'A-2', 'Ashok Anil Screen 1', 'Ashok Anil Multiplex', 'Mukkabaaz', '2018-10-05', '17:00:00', '34'),
(126, 'A-4', 'Ashok Anil Screen 1', 'Ashok Anil Multiplex', 'Mukkabaaz', '2018-10-05', '17:00:00', '34'),
(127, 'A-5', 'Ashok Anil Screen 1', 'Ashok Anil Multiplex', 'Mukkabaaz', '2018-10-05', '17:00:00', '34'),
(128, 'B-2', 'Funcity Screen 1', 'Miraj Cinemas: Funcity', 'Bhavesh Joshi Superhero', '2018-10-05', '12:30:00', '44'),
(137, 'B-2', 'Funcity Screen 1', 'Miraj Cinemas: Funcity', 'Bhavesh Joshi Superhero', '2018-10-06', '12:30:00', '72'),
(138, 'B-3', 'Funcity Screen 1', 'Miraj Cinemas: Funcity', 'Bhavesh Joshi Superhero', '2018-10-06', '12:30:00', '72'),
(139, 'B-4', 'Funcity Screen 1', 'Miraj Cinemas: Funcity', 'Bhavesh Joshi Superhero', '2018-10-06', '12:30:00', '72');

--
-- Indexes for dumped tables
--

--
-- Indexes for table `movie`
--
ALTER TABLE `movie`
  ADD PRIMARY KEY (`id`);

--
-- Indexes for table `movie_show`
--
ALTER TABLE `movie_show`
  ADD PRIMARY KEY (`id`),
  ADD KEY `screen_id` (`screen_id`),
  ADD KEY `movie_id` (`movie_id`);

--
-- Indexes for table `screen`
--
ALTER TABLE `screen`
  ADD PRIMARY KEY (`id`),
  ADD KEY `theatre_id` (`theatre_id`);

--
-- Indexes for table `theatre`
--
ALTER TABLE `theatre`
  ADD PRIMARY KEY (`id`);

--
-- Indexes for table `ticket`
--
ALTER TABLE `ticket`
  ADD PRIMARY KEY (`id`);

--
-- AUTO_INCREMENT for dumped tables
--

--
-- AUTO_INCREMENT for table `movie`
--
ALTER TABLE `movie`
  MODIFY `id` int(11) NOT NULL AUTO_INCREMENT, AUTO_INCREMENT=6;

--
-- AUTO_INCREMENT for table `movie_show`
--
ALTER TABLE `movie_show`
  MODIFY `id` int(11) NOT NULL AUTO_INCREMENT, AUTO_INCREMENT=81;

--
-- AUTO_INCREMENT for table `screen`
--
ALTER TABLE `screen`
  MODIFY `id` int(11) NOT NULL AUTO_INCREMENT, AUTO_INCREMENT=5;

--
-- AUTO_INCREMENT for table `theatre`
--
ALTER TABLE `theatre`
  MODIFY `id` int(11) NOT NULL AUTO_INCREMENT, AUTO_INCREMENT=3;

--
-- AUTO_INCREMENT for table `ticket`
--
ALTER TABLE `ticket`
  MODIFY `id` int(11) NOT NULL AUTO_INCREMENT, AUTO_INCREMENT=140;

--
-- Constraints for dumped tables
--

--
-- Constraints for table `movie_show`
--
ALTER TABLE `movie_show`
  ADD CONSTRAINT `movie_show_ibfk_1` FOREIGN KEY (`screen_id`) REFERENCES `screen` (`id`),
  ADD CONSTRAINT `movie_show_ibfk_2` FOREIGN KEY (`movie_id`) REFERENCES `movie` (`id`);

--
-- Constraints for table `screen`
--
ALTER TABLE `screen`
  ADD CONSTRAINT `screen_ibfk_1` FOREIGN KEY (`theatre_id`) REFERENCES `theatre` (`id`);
COMMIT;

/*!40101 SET CHARACTER_SET_CLIENT=@OLD_CHARACTER_SET_CLIENT */;
/*!40101 SET CHARACTER_SET_RESULTS=@OLD_CHARACTER_SET_RESULTS */;
/*!40101 SET COLLATION_CONNECTION=@OLD_COLLATION_CONNECTION */;
